Epoch,Train Loss,Val Loss,Mean Pixel Accuracy,Mean IoU,Mean Dice Score,Per-class IoU,Per-class Dice
1,0.9289094294820514,0.8068147699038187,"tensor(0.9143, device='cuda:0')",0.273640900850296,0.31460386514663696,"[0.9162538647651672, 0.17830975353717804, 0.0, 0.0]","[0.956187903881073, 0.30222752690315247, 0.0, 0.0]"
2,0.7423048138618469,0.7270969947179159,"tensor(0.9249, device='cuda:0')",0.28390634059906006,0.32649967074394226,"[0.9278347492218018, 0.20779062807559967, 0.0, 0.0]","[0.9624840617179871, 0.3435145914554596, 0.0, 0.0]"
3,0.7155660833631243,0.7004335787561204,"tensor(0.9295, device='cuda:0')",0.2958107590675354,0.3414590656757355,"[0.9320922493934631, 0.25115081667900085, 0.0, 0.0]","[0.9647676944732666, 0.4010685980319977, 0.0, 0.0]"
4,0.7031758921486991,0.6896311375829909,"tensor(0.9420, device='cuda:0')",0.3048221468925476,0.35029107332229614,"[0.9456244707107544, 0.27366411685943604, 0.0, 0.0]","[0.9720147252082825, 0.4291495382785797, 0.0, 0.0]"
5,0.6992610028811863,0.6887597242991129,"tensor(0.9362, device='cuda:0')",0.30271008610725403,0.34862083196640015,"[0.9405070543289185, 0.27033329010009766, 0.0, 0.0]","[0.9693153500556946, 0.4251679480075836, 0.0, 0.0]"
6,0.6944024613925389,0.6905668510331048,"tensor(0.9542, device='cuda:0')",0.3046683669090271,0.3476056158542633,"[0.9561164975166321, 0.2625569701194763, 0.0, 0.0]","[0.9775364398956299, 0.4128860533237457, 0.0, 0.0]"
7,0.687822789805276,0.6728175746070014,"tensor(0.9491, device='cuda:0')",0.3140172064304352,0.3602062463760376,"[0.9526594281196594, 0.3034094274044037, 0.0, 0.0]","[0.9757190346717834, 0.46510595083236694, 0.0, 0.0]"
8,0.6838899561337062,0.671830972035726,"tensor(0.9529, device='cuda:0')",0.31354576349258423,0.35876116156578064,"[0.9570519328117371, 0.29713115096092224, 0.0, 0.0]","[0.9780272245407104, 0.4570174217224121, 0.0, 0.0]"
9,0.6787631477628435,0.6697200735410055,"tensor(0.9466, device='cuda:0')",0.3122701346874237,0.3583609461784363,"[0.9504292011260986, 0.2986513376235962, 0.0, 0.0]","[0.9745667576789856, 0.45887699723243713, 0.0, 0.0]"
10,0.6720652495111737,0.6885298291842142,"tensor(0.9565, device='cuda:0')",0.3076619803905487,0.351046621799469,"[0.9589872360229492, 0.2716606557369232, 0.0, 0.0]","[0.9790473580360413, 0.4251391291618347, 0.0, 0.0]"
11,0.6716057334627424,0.6521967318322923,"tensor(0.9528, device='cuda:0')",0.3252013921737671,0.3723674714565277,"[0.9558895230293274, 0.34491610527038574, 0.0, 0.0]","[0.9774232506752014, 0.5120466351509094, 0.0, 0.0]"
12,0.6672522374561854,0.6474473741319444,"tensor(0.9509, device='cuda:0')",0.323598712682724,0.37052246928215027,"[0.9553889036178589, 0.3390059173107147, 0.0, 0.0]","[0.9771679639816284, 0.5049219131469727, 0.0, 0.0]"
13,0.6675210884639196,0.6784350474675497,"tensor(0.9597, device='cuda:0')",0.31484127044677734,0.3592703938484192,"[0.9615095257759094, 0.29785555601119995, 0.0, 0.0]","[0.9803590774536133, 0.45672252774238586, 0.0, 0.0]"
14,0.6661429916109357,0.6504907276895311,"tensor(0.9516, device='cuda:0')",0.3229154944419861,0.3698289692401886,"[0.9559862613677979, 0.3356756567955017, 0.0, 0.0]","[0.9774776101112366, 0.5018382668495178, 0.0, 0.0]"
15,0.6620898229735238,0.6462764806217618,"tensor(0.9533, device='cuda:0')",0.32344499230384827,0.3700595498085022,"[0.9581271409988403, 0.33565282821655273, 0.0, 0.0]","[0.978596568107605, 0.501641571521759, 0.0, 0.0]"
16,0.6612140161650522,0.6525339815351698,"tensor(0.9528, device='cuda:0')",0.3235330879688263,0.3704175353050232,"[0.9564669132232666, 0.33766546845436096, 0.0, 0.0]","[0.977733314037323, 0.503936767578125, 0.0, 0.0]"
17,0.6622693572725569,0.6624870631429884,"tensor(0.9553, device='cuda:0')",0.32066285610198975,0.36682239174842834,"[0.9580991864204407, 0.3245522677898407, 0.0, 0.0]","[0.9785866141319275, 0.4887029230594635, 0.0, 0.0]"
18,0.650920249734606,0.6581928001509773,"tensor(0.9570, device='cuda:0')",0.30917888879776,0.35305535793304443,"[0.9602577686309814, 0.2764577269554138, 0.0, 0.0]","[0.9797094464302063, 0.43251195549964905, 0.0, 0.0]"
19,0.6542258143424988,0.634496099419064,"tensor(0.9592, device='cuda:0')",0.3395845592021942,0.399074524641037,"[0.9629757404327393, 0.3253156542778015, 0.0, 0.07004673033952713]","[0.9811142086982727, 0.4895554184913635, 0.0, 0.1256284862756729]"
20,0.639520868233272,0.6357772085401747,"tensor(0.9400, device='cuda:0')",0.34731778502464294,0.4166400730609894,"[0.9461106061935425, 0.33189287781715393, 0.0005709814722649753, 0.11069673299789429]","[0.9722484946250916, 0.49789679050445557, 0.0011397446505725384, 0.19527527689933777]"
21,0.6472806283405849,0.6271776490741305,"tensor(0.9554, device='cuda:0')",0.35675209760665894,0.4266839623451233,"[0.9602118730545044, 0.3383916914463043, 6.925399702595314e-06, 0.1283978968858719]","[0.9796815514564514, 0.5048534274101257, 1.3849935385223944e-05, 0.22218699753284454]"
22,0.6483347041266305,0.6357618901464674,"tensor(0.9560, device='cuda:0')",0.3488597571849823,0.4130553603172302,"[0.9600254893302917, 0.34013062715530396, 0.0, 0.09528286755084991]","[0.9795946478843689, 0.5061853528022766, 0.0, 0.16644148528575897]"
23,0.6408194746289935,0.6460151871045431,"tensor(0.9490, device='cuda:0')",0.32858285307884216,0.38854995369911194,"[0.9582242965698242, 0.272848516702652, 0.0, 0.08325862884521484]","[0.9786524176597595, 0.4255020320415497, 0.0, 0.15004537999629974]"
24,0.6403804217066084,0.6197417179743449,"tensor(0.9448, device='cuda:0')",0.3596736788749695,0.43134748935699463,"[0.94905024766922, 0.35476577281951904, 6.415195821318775e-05, 0.13481445610523224]","[0.9738262891769409, 0.523383617401123, 0.0001282902667298913, 0.2280517965555191]"
25,0.6305053080831255,0.6109272374047173,"tensor(0.9555, device='cuda:0')",0.3612871468067169,0.42902544140815735,"[0.9608272910118103, 0.3626001179218292, 3.104157804045826e-05, 0.12169007211923599]","[0.9799975156784058, 0.531233012676239, 6.206581747392192e-05, 0.2048092782497406]"
26,0.6373494829450335,0.6840442617734274,"tensor(0.9408, device='cuda:0')",0.33547690510749817,0.3953654170036316,"[0.9463394284248352, 0.3206357955932617, 0.0, 0.0749325081706047]","[0.9724019169807434, 0.4849814772605896, 0.0, 0.12407828867435455]"
27,0.6310695563043867,0.620814753903283,"tensor(0.9525, device='cuda:0')",0.35684677958488464,0.4264833629131317,"[0.9575735926628113, 0.33885255455970764, 0.005410652607679367, 0.1255502700805664]","[0.9783086776733398, 0.5046727657318115, 0.010744101367890835, 0.21220794320106506]"
28,0.6295028669493539,0.600117650296953,"tensor(0.9540, device='cuda:0')",0.36341407895088196,0.43647322058677673,"[0.9602915644645691, 0.33699527382850647, 0.0041888984851539135, 0.1521805375814438]","[0.9797326326370239, 0.5022786259651184, 0.00833392795175314, 0.2555476725101471]"
29,0.6295384509222848,0.6035797595977783,"tensor(0.9423, device='cuda:0')",0.36295631527900696,0.4401826858520508,"[0.9483597278594971, 0.3360869884490967, 0.0147961201146245, 0.15258239209651947]","[0.9734652638435364, 0.5026009678840637, 0.028943771496415138, 0.25572067499160767]"
30,0.621641857283456,0.594744410779741,"tensor(0.9506, device='cuda:0')",0.3694806396961212,0.44553935527801514,"[0.9562241435050964, 0.360350102186203, 0.010318722575902939, 0.15102966129779816]","[0.9775879979133606, 0.5291635990142822, 0.020137904211878777, 0.25526800751686096]"
31,0.6165713293211801,0.6274975405799018,"tensor(0.9545, device='cuda:0')",0.3538394570350647,0.4212267994880676,"[0.9578331112861633, 0.3288074731826782, 0.002016949001699686, 0.12670020759105682]","[0.9784413576126099, 0.4941749572753906, 0.004005229566246271, 0.2082856446504593]"
32,0.6218242934771947,0.5671820441881815,"tensor(0.9513, device='cuda:0')",0.39451608061790466,0.4806933104991913,"[0.9561534523963928, 0.38523876667022705, 0.01986832544207573, 0.21680372953414917]","[0.9775691628456116, 0.5557710528373718, 0.03860034421086311, 0.3508327007293701]"
33,0.6242846012115478,0.620422727531857,"tensor(0.9589, device='cuda:0')",0.356681227684021,0.4222220778465271,"[0.9629285931587219, 0.3633185029029846, 0.008872426114976406, 0.09160541743040085]","[0.9811031818389893, 0.5316616892814636, 0.01737617701292038, 0.15874721109867096]"
34,0.5982278755732945,0.605207085609436,"tensor(0.9560, device='cuda:0')",0.35888493061065674,0.4295010268688202,"[0.9614342451095581, 0.3402041494846344, 0.008230392821133137, 0.12567101418972015]","[0.9803281426429749, 0.50590980052948, 0.016229933127760887, 0.2155362069606781]"
35,0.6079251067978996,0.6247414615419176,"tensor(0.9589, device='cuda:0')",0.3603484630584717,0.4304855465888977,"[0.9630627036094666, 0.34091871976852417, 0.016077959910035133, 0.12133446335792542]","[0.9811708927154541, 0.5068373084068298, 0.03136138990521431, 0.2025725245475769]"
36,0.6078896403312684,0.6089188522762723,"tensor(0.9466, device='cuda:0')",0.37073415517807007,0.44600605964660645,"[0.9511778950691223, 0.3744034767150879, 0.007644317112863064, 0.14971095323562622]","[0.9749420285224915, 0.5444182753562927, 0.015093816444277763, 0.24957016110420227]"
37,0.6208642108099801,0.6033206515842013,"tensor(0.9490, device='cuda:0')",0.36953219771385193,0.44958049058914185,"[0.9551634192466736, 0.343880295753479, 0.04423777759075165, 0.13484732806682587]","[0.9770470857620239, 0.5101737380027771, 0.08383844047784805, 0.22726276516914368]"
38,0.5999603322574071,0.5961794720755683,"tensor(0.9525, device='cuda:0')",0.38006141781806946,0.46392056345939636,"[0.959020733833313, 0.3583593964576721, 0.04919649660587311, 0.15366898477077484]","[0.9790732264518738, 0.5267980694770813, 0.09261573106050491, 0.25719520449638367]"
39,0.6011110067367553,0.6272322204377916,"tensor(0.9561, device='cuda:0')",0.35476118326187134,0.42762964963912964,"[0.9623918533325195, 0.31004777550697327, 0.03640389069914818, 0.11020129919052124]","[0.9808230996131897, 0.4719353914260864, 0.06922591477632523, 0.18853415548801422]"
40,0.5960342083658491,0.5698879460493723,"tensor(0.9581, device='cuda:0')",0.40015164017677307,0.4888455867767334,"[0.9631577730178833, 0.3864893913269043, 0.0630701556801796, 0.1878892481327057]","[0.9812160134315491, 0.555790364742279, 0.11725085228681564, 0.30112504959106445]"
41,0.5975654261452811,0.572717010974884,"tensor(0.9555, device='cuda:0')",0.3961291015148163,0.4803329408168793,"[0.9589931964874268, 0.38402560353279114, 0.04428049921989441, 0.1972171813249588]","[0.9790474772453308, 0.5538016557693481, 0.08226344734430313, 0.306219220161438]"
42,0.5969114780426026,0.5638556877772013,"tensor(0.9578, device='cuda:0')",0.408966988325119,0.5032743215560913,"[0.9617023468017578, 0.37437939643859863, 0.08477512747049332, 0.21501106023788452]","[0.9804667234420776, 0.5437537431716919, 0.15234510600566864, 0.33653169870376587]"
43,0.588409617968968,0.6226875384648641,"tensor(0.9507, device='cuda:0')",0.3637831509113312,0.4376734793186188,"[0.9565140604972839, 0.36581146717071533, 0.07325128465890884, 0.059555843472480774]","[0.9777555465698242, 0.5350067615509033, 0.13284927606582642, 0.10508231073617935]"
44,0.5955941115106855,0.563798275258806,"tensor(0.9536, device='cuda:0')",0.4067194163799286,0.5012332201004028,"[0.9595430493354797, 0.3822743594646454, 0.08496614545583725, 0.2000941038131714]","[0.979338526725769, 0.55230712890625, 0.15474897623062134, 0.31853818893432617]"
45,0.587793185029711,0.548548032840093,"tensor(0.9542, device='cuda:0')",0.4147292971611023,0.5137519836425781,"[0.9599998593330383, 0.3736368417739868, 0.10664180666208267, 0.21863864362239838]","[0.9795781373977661, 0.5423411130905151, 0.19077454507350922, 0.3423140048980713]"
46,0.5874615498951503,0.6032455960909525,"tensor(0.9570, device='cuda:0')",0.37508082389831543,0.4499147832393646,"[0.9611732959747314, 0.38256824016571045, 0.05221548303961754, 0.1043662428855896]","[0.9801903963088989, 0.5530498623847961, 0.09613095968961716, 0.17028789222240448]"
47,0.5913896833147322,0.5643513533804152,"tensor(0.9518, device='cuda:0')",0.40283456444740295,0.498130738735199,"[0.9574206471443176, 0.36517438292503357, 0.08729460090398788, 0.20144864916801453]","[0.9782221913337708, 0.5338793992996216, 0.15688955783843994, 0.32353174686431885]"
48,0.5845963273729596,0.5502393742402395,"tensor(0.9576, device='cuda:0')",0.4219147562980652,0.5179864168167114,"[0.9611362814903259, 0.39800146222114563, 0.12168146669864655, 0.20683981478214264]","[0.9801656007766724, 0.5682032704353333, 0.2105698585510254, 0.3130068778991699]"
49,0.5724747104304178,0.6120403475231595,"tensor(0.9485, device='cuda:0')",0.3750711679458618,0.46081918478012085,"[0.9581435322761536, 0.3260866701602936, 0.09066064655780792, 0.12539373338222504]","[0.9786120653152466, 0.4902746379375458, 0.16160570085048676, 0.2127843052148819]"
50,0.5842624494007655,0.5790403286616007,"tensor(0.9611, device='cuda:0')",0.38959282636642456,0.48001641035079956,"[0.9658293128013611, 0.3153499960899353, 0.11655382066965103, 0.1606382131576538]","[0.9826057553291321, 0.4774801433086395, 0.20583638548851013, 0.2541433572769165]"
51,0.5730514364583151,0.5952569908565946,"tensor(0.9493, device='cuda:0')",0.3828480839729309,0.47391507029533386,"[0.9585561752319336, 0.3255874514579773, 0.09466148167848587, 0.15258720517158508]","[0.9788178205490112, 0.4890557825565338, 0.17036302387714386, 0.2574236989021301]"
52,0.5836230209895543,0.5973936981625028,"tensor(0.9569, device='cuda:0')",0.38301366567611694,0.4652332663536072,"[0.960490345954895, 0.370491087436676, 0.052822936326265335, 0.14825023710727692]","[0.9798358082771301, 0.5400265455245972, 0.09680638462305069, 0.24426431953907013]"
53,0.5772567212581634,0.5555828213691711,"tensor(0.9512, device='cuda:0')",0.40774500370025635,0.5062750577926636,"[0.9570832848548889, 0.37663742899894714, 0.11732927709817886, 0.17993003129959106]","[0.9780448079109192, 0.5461860299110413, 0.20725713670253754, 0.29361239075660706]"
54,0.5773489083562579,0.5770864486694336,"tensor(0.9495, device='cuda:0')",0.39638519287109375,0.49028509855270386,"[0.9569847583770752, 0.3591735363006592, 0.09029725939035416, 0.1790851503610611]","[0.9780005216598511, 0.5271871089935303, 0.16293109953403473, 0.29302170872688293]"
55,0.583993307181767,0.5787710348765055,"tensor(0.9576, device='cuda:0')",0.39199045300483704,0.48350077867507935,"[0.9623584747314453, 0.35680851340293884, 0.1263987421989441, 0.1223960891366005]","[0.9808077216148376, 0.5246108770370483, 0.22385545074939728, 0.2047291249036789]"
56,0.5745506695338658,0.554190864165624,"tensor(0.9563, device='cuda:0')",0.41209402680397034,0.5042836666107178,"[0.9606869220733643, 0.4027404487133026, 0.0929482951760292, 0.19200044870376587]","[0.9799356460571289, 0.5729640126228333, 0.16755950450897217, 0.29667559266090393]"
57,0.5696079560688564,0.5577202439308167,"tensor(0.9577, device='cuda:0')",0.40473079681396484,0.49923884868621826,"[0.9630281925201416, 0.3729396164417267, 0.14075927436351776, 0.14219611883163452]","[0.9811533093452454, 0.5421581268310547, 0.24157534539699554, 0.23206864297389984]"
58,0.5634903865201133,0.5307284196217855,"tensor(0.9587, device='cuda:0')",0.42728254199028015,0.5275056958198547,"[0.9626728892326355, 0.4081607162952423, 0.11671200394630432, 0.2215845286846161]","[0.980961263179779, 0.57829350233078, 0.20673027634620667, 0.344037801027298]"
59,0.5452326459544046,0.5174218548668755,"tensor(0.9577, device='cuda:0')",0.437095046043396,0.5404306650161743,"[0.9622227549552917, 0.41627612709999084, 0.12913267314434052, 0.2407485991716385]","[0.9807289242744446, 0.5866897702217102, 0.2261650115251541, 0.36813896894454956]"
60,0.5570581810814994,0.526244557566113,"tensor(0.9570, device='cuda:0')",0.42867156863212585,0.5295438766479492,"[0.9613633751869202, 0.41229191422462463, 0.11049593985080719, 0.23053498566150665]","[0.9802815318107605, 0.5833266377449036, 0.1952132135629654, 0.3593541979789734]"
61,0.5398899044309343,0.535336411661572,"tensor(0.9602, device='cuda:0')",0.4214709997177124,0.5209842324256897,"[0.9654675722122192, 0.4030284881591797, 0.11589348316192627, 0.20149444043636322]","[0.9824199676513672, 0.57368403673172, 0.20723579823970795, 0.32059717178344727]"
62,0.5453256223882947,0.522425158156289,"tensor(0.9590, device='cuda:0')",0.4313328266143799,0.532512366771698,"[0.9627774357795715, 0.41671517491340637, 0.13918031752109528, 0.206658273935318]","[0.9810165762901306, 0.5873096585273743, 0.24040763080120087, 0.3213155269622803]"
63,0.5466397200311933,0.5304005212253995,"tensor(0.9570, device='cuda:0')",0.42641401290893555,0.5256550908088684,"[0.9615812301635742, 0.4203723967075348, 0.10108453780412674, 0.222617968916893]","[0.9804007411003113, 0.5905717015266418, 0.17757569253444672, 0.3540721833705902]"
64,0.5407257991177695,0.5117506980895996,"tensor(0.9606, device='cuda:0')",0.43978869915008545,0.5456729531288147,"[0.965022087097168, 0.4238230288028717, 0.1362302005290985, 0.23407946527004242]","[0.9821903705596924, 0.5944880247116089, 0.23697566986083984, 0.3690377473831177]"
65,0.5328940774713243,0.5132261481550005,"tensor(0.9581, device='cuda:0')",0.44014349579811096,0.5440898537635803,"[0.9633501768112183, 0.40713396668434143, 0.1276298314332962, 0.26246005296707153]","[0.9813236594200134, 0.5772449374198914, 0.21995551884174347, 0.39783525466918945]"
66,0.549337204013552,0.5240084595150418,"tensor(0.9576, device='cuda:0')",0.4338201880455017,0.5351300239562988,"[0.9621837735176086, 0.40636974573135376, 0.11746270209550858, 0.24926447868347168]","[0.9807115197181702, 0.5767990946769714, 0.20730583369731903, 0.3757035434246063]"
67,0.534050179379327,0.5138234694798788,"tensor(0.9580, device='cuda:0')",0.4362291693687439,0.5419961214065552,"[0.9622781872749329, 0.40048667788505554, 0.12245363742113113, 0.2596982717514038]","[0.980758786201477, 0.5714602470397949, 0.21429668366909027, 0.40146875381469727]"
68,0.5505669491631644,0.5712715850936042,"tensor(0.9591, device='cuda:0')",0.4009193480014801,0.48782044649124146,"[0.9630478024482727, 0.4053708612918854, 0.0692850649356842, 0.16597361862659454]","[0.9811623096466064, 0.5763691067695618, 0.12801314890384674, 0.26573729515075684]"
69,0.554573575087956,0.5281504525078667,"tensor(0.9551, device='cuda:0')",0.42826056480407715,0.5308627486228943,"[0.9593446850776672, 0.4050632119178772, 0.09981868416070938, 0.2488156110048294]","[0.9792349338531494, 0.5759324431419373, 0.18001297116279602, 0.38827061653137207]"
70,0.5453163649354662,0.5138460165924497,"tensor(0.9604, device='cuda:0')",0.43703794479370117,0.5431439280509949,"[0.9645423889160156, 0.4112200140953064, 0.12677112221717834, 0.24561816453933716]","[0.9819382429122925, 0.5821824073791504, 0.22281557321548462, 0.3856394290924072]"
71,0.5327172696590423,0.529165569278929,"tensor(0.9578, device='cuda:0')",0.4298310875892639,0.5321580171585083,"[0.9626242518424988, 0.4098187983036041, 0.14203862845897675, 0.2048427164554596]","[0.9809421896934509, 0.5799892544746399, 0.24267536401748657, 0.3250252604484558]"
72,0.5401566820485252,0.5424337122175429,"tensor(0.9572, device='cuda:0')",0.41814786195755005,0.5158779621124268,"[0.9625426530838013, 0.399665504693985, 0.12176118046045303, 0.1886221468448639]","[0.9808992743492126, 0.5703337788581848, 0.21437571942806244, 0.29790300130844116]"
73,0.5389574791703905,0.5090205702516768,"tensor(0.9606, device='cuda:0')",0.4429393410682678,0.5486754179000854,"[0.9647256135940552, 0.4288918972015381, 0.14007814228534698, 0.23806174099445343]","[0.982035756111145, 0.5992797017097473, 0.24061539769172668, 0.37277066707611084]"
74,0.5474630415439605,0.5296769771311018,"tensor(0.9606, device='cuda:0')",0.4251156151294708,0.5249776840209961,"[0.9652636051177979, 0.4046907126903534, 0.10812614858150482, 0.22238199412822723]","[0.9823085069656372, 0.5750879049301147, 0.19269733130931854, 0.34981703758239746]"
75,0.5401905885764531,0.5450493726465437,"tensor(0.9526, device='cuda:0')",0.41515493392944336,0.515128493309021,"[0.9586094617843628, 0.3909088671207428, 0.11499594151973724, 0.19610542058944702]","[0.9788485765457153, 0.5611737966537476, 0.20433571934700012, 0.3161558210849762]"
76,0.5293518466608865,0.5256894561979506,"tensor(0.9566, device='cuda:0')",0.43063175678253174,0.5334467887878418,"[0.9607256650924683, 0.41413334012031555, 0.10478613525629044, 0.24288198351860046]","[0.9799554944038391, 0.5846260190010071, 0.18720707297325134, 0.3819985091686249]"
77,0.5344979260649,0.520385613044103,"tensor(0.9573, device='cuda:0')",0.43208640813827515,0.5354905724525452,"[0.9624261856079102, 0.3934725821018219, 0.10213042050600052, 0.2703164517879486]","[0.9808390736579895, 0.5637763142585754, 0.18168285489082336, 0.4156639873981476]"
78,0.53792188337871,0.5156149301264021,"tensor(0.9587, device='cuda:0')",0.43759870529174805,0.5421857833862305,"[0.9630342125892639, 0.42135944962501526, 0.13287802040576935, 0.23312313854694366]","[0.9811576008796692, 0.5921849012374878, 0.2313234806060791, 0.3640771806240082]"
79,0.5367653148514884,0.5254930390252007,"tensor(0.9604, device='cuda:0')",0.4295678734779358,0.5340707898139954,"[0.9652724862098694, 0.38661205768585205, 0.14093676209449768, 0.22545017302036285]","[0.98232102394104, 0.5568204522132874, 0.2440311163663864, 0.3531106412410736]"
80,0.5394615352153778,0.5044780406686995,"tensor(0.9576, device='cuda:0')",0.4453512132167816,0.5531004667282104,"[0.963099479675293, 0.41494590044021606, 0.15345604717731476, 0.24990351498126984]","[0.9811888933181763, 0.5841314196586609, 0.26153644919395447, 0.3855452239513397]"
81,0.5211135923862458,0.5297886696126726,"tensor(0.9602, device='cuda:0')",0.42668357491493225,0.5253773927688599,"[0.9640276432037354, 0.4149581491947174, 0.13650651276111603, 0.191242054104805]","[0.9816754460334778, 0.5859677195549011, 0.23255252838134766, 0.3013137876987457]"
82,0.5297157338687352,0.5431137647893693,"tensor(0.9612, device='cuda:0')",0.42141780257225037,0.5154846906661987,"[0.9647318720817566, 0.4221971333026886, 0.05766605585813522, 0.24107609689235687]","[0.9820379614830017, 0.5932424664497375, 0.10693226009607315, 0.3797261714935303]"
83,0.5196627957480294,0.5337458915180631,"tensor(0.9559, device='cuda:0')",0.42324045300483704,0.5259130001068115,"[0.9623041152954102, 0.39068761467933655, 0.11876215040683746, 0.22120793163776398]","[0.9807773232460022, 0.5608828067779541, 0.21010923385620117, 0.35188281536102295]"
84,0.5317501187324524,0.49109598994255066,"tensor(0.9579, device='cuda:0')",0.45172959566116333,0.5647462606430054,"[0.9613587260246277, 0.4176761209964752, 0.1514226496219635, 0.27646082639694214]","[0.9802836179733276, 0.5887288451194763, 0.26005491614341736, 0.4299178719520569]"
85,0.5299808246748788,0.523155560096105,"tensor(0.9600, device='cuda:0')",0.4320869445800781,0.5342549085617065,"[0.9651795625686646, 0.40455809235572815, 0.08952676504850388, 0.26908332109451294]","[0.9822663068771362, 0.5741288065910339, 0.1612696647644043, 0.4193548560142517]"
86,0.5312709340027401,0.5234597755803002,"tensor(0.9551, device='cuda:0')",0.4374581575393677,0.5398617386817932,"[0.959214985370636, 0.4196085035800934, 0.14619509875774384, 0.22481407225131989]","[0.9791669845581055, 0.5902809500694275, 0.25124913454055786, 0.3387497663497925]"
87,0.5293667938028063,0.5169471800327301,"tensor(0.9592, device='cuda:0')",0.43695640563964844,0.5419055223464966,"[0.9638226628303528, 0.4080880582332611, 0.13840723037719727, 0.2375076413154602]","[0.9815653562545776, 0.5787823796272278, 0.2392357438802719, 0.3680385649204254]"
88,0.5202974804810115,0.5101061960061392,"tensor(0.9598, device='cuda:0')",0.4399392604827881,0.5448000431060791,"[0.9642035365104675, 0.4265140891075134, 0.12494504451751709, 0.2440943419933319]","[0.9817634224891663, 0.5973426699638367, 0.2203666865825653, 0.37972745299339294]"
89,0.5418336944920676,0.5683590835995145,"tensor(0.9551, device='cuda:0')",0.4044528007507324,0.49981850385665894,"[0.9621250629425049, 0.3709074556827545, 0.1071397215127945, 0.17763900756835938]","[0.9806811213493347, 0.5393164753913879, 0.19008567929267883, 0.28919079899787903]"
90,0.5383587956428528,0.5473163591490852,"tensor(0.9554, device='cuda:0')",0.41823285818099976,0.516004204750061,"[0.9595404863357544, 0.40343695878982544, 0.1036749929189682, 0.206278994679451]","[0.9793354868888855, 0.573445200920105, 0.18451720476150513, 0.3267190754413605]"
91,0.5391553018774305,0.5847413804796007,"tensor(0.9541, device='cuda:0')",0.3945296108722687,0.48228782415390015,"[0.9590736031532288, 0.3969152569770813, 0.14534316956996918, 0.07678642123937607]","[0.9790903925895691, 0.5676550269126892, 0.24711333215236664, 0.13529253005981445]"
92,0.5671980014869145,0.5424215926064385,"tensor(0.9592, device='cuda:0')",0.4219341278076172,0.5210183262825012,"[0.9627922177314758, 0.3989482820034027, 0.09034403413534164, 0.23565202951431274]","[0.9810305833816528, 0.5695942640304565, 0.16325953602790833, 0.3701888620853424]"
93,0.5533898345061711,0.5149138006899092,"tensor(0.9553, device='cuda:0')",0.4363551735877991,0.5428998470306396,"[0.9605337977409363, 0.39707013964653015, 0.12772348523139954, 0.2600933015346527]","[0.979853093624115, 0.5677679181098938, 0.22416779398918152, 0.3998105823993683]"
94,0.5350196480751037,0.518034471405877,"tensor(0.9594, device='cuda:0')",0.43892279267311096,0.5423471331596375,"[0.9632804989814758, 0.4216848313808441, 0.12899307906627655, 0.24173280596733093]","[0.9812845587730408, 0.5926579236984253, 0.22083234786987305, 0.3746137022972107]"
95,0.5351789099829537,0.5275167889065213,"tensor(0.9593, device='cuda:0')",0.4298279285430908,0.5306246876716614,"[0.9634190797805786, 0.4273113012313843, 0.12323632836341858, 0.2053450495004654]","[0.9813535809516907, 0.5974330902099609, 0.2162274271249771, 0.32748472690582275]"
96,0.5250835316521781,0.4988490541776021,"tensor(0.9576, device='cuda:0')",0.4508479833602905,0.560742974281311,"[0.9618697762489319, 0.4314490556716919, 0.14531546831130981, 0.26475757360458374]","[0.9805556535720825, 0.6019909977912903, 0.2504340410232544, 0.40999117493629456]"
97,0.5183166350637164,0.5037314726246728,"tensor(0.9616, device='cuda:0')",0.4492286145687103,0.5552242994308472,"[0.96529620885849, 0.4377289414405823, 0.13876481354236603, 0.2551245093345642]","[0.9823287129402161, 0.6086421608924866, 0.24042421579360962, 0.38950222730636597]"
98,0.5154598678861345,0.5045632554425133,"tensor(0.9599, device='cuda:0')",0.44868004322052,0.5520904064178467,"[0.963374674320221, 0.4406537413597107, 0.12760025262832642, 0.26309147477149963]","[0.981329619884491, 0.6105617880821228, 0.22040021419525146, 0.39607009291648865]"
99,0.516898729971477,0.5112326741218567,"tensor(0.9613, device='cuda:0')",0.4450387954711914,0.5487367510795593,"[0.9664130806922913, 0.42060020565986633, 0.14498639106750488, 0.24815554916858673]","[0.9829044342041016, 0.5910521745681763, 0.24712903797626495, 0.37386128306388855]"
100,0.5067606789725168,0.5067348314656152,"tensor(0.9609, device='cuda:0')",0.44526243209838867,0.5503218173980713,"[0.9642385840415955, 0.42598968744277954, 0.13938631117343903, 0.2514351010322571]","[0.9817793965339661, 0.5956714749336243, 0.23801633715629578, 0.3858201503753662]"
101,0.5181143002850669,0.5094196630848778,"tensor(0.9591, device='cuda:0')",0.44425737857818604,0.5507550239562988,"[0.9637554883956909, 0.4187524914741516, 0.15249201655387878, 0.24202939867973328]","[0.9815314412117004, 0.5889941453933716, 0.2592431604862213, 0.373251348733902]"
102,0.5156271534306662,0.49435756272739834,"tensor(0.9630, device='cuda:0')",0.4502941370010376,0.5593106746673584,"[0.9665892720222473, 0.42923030257225037, 0.15029020607471466, 0.25506681203842163]","[0.983002245426178, 0.6000937223434448, 0.25799256563186646, 0.3961541950702667]"
103,0.5022463398320335,0.49414633048905265,"tensor(0.9615, device='cuda:0')",0.4521843492984772,0.5625128746032715,"[0.9657825827598572, 0.41665539145469666, 0.18836116790771484, 0.2379382699728012]","[0.9825790524482727, 0.5861074924468994, 0.3156408369541168, 0.36572423577308655]"
104,0.5086374052933285,0.4895887076854706,"tensor(0.9607, device='cuda:0')",0.4555816054344177,0.5668767690658569,"[0.9648782014846802, 0.4404619038105011, 0.171840637922287, 0.24514563381671906]","[0.9821112751960754, 0.6105772852897644, 0.29182687401771545, 0.382991760969162]"
105,0.4990161487034389,0.49324149555630153,"tensor(0.9633, device='cuda:0')",0.45236897468566895,0.5599721670150757,"[0.9666236042976379, 0.4421427547931671, 0.16101789474487305, 0.23969168961048126]","[0.9830116629600525, 0.6128085255622864, 0.2747279405593872, 0.3693403899669647]"
106,0.5012565902301244,0.5130375590589311,"tensor(0.9579, device='cuda:0')",0.4417651295661926,0.5490071773529053,"[0.963098406791687, 0.4224154055118561, 0.14021775126457214, 0.24132898449897766]","[0.9811862111091614, 0.5931554436683655, 0.2443828135728836, 0.37730422616004944]"
107,0.49847212433815,0.5081241859330071,"tensor(0.9603, device='cuda:0')",0.44469696283340454,0.5511029958724976,"[0.9649079442024231, 0.42525890469551086, 0.13761316239833832, 0.2510077953338623]","[0.9821274876594543, 0.5962808728218079, 0.23885849118232727, 0.38714510202407837]"
108,0.4974664543356214,0.5028965440061357,"tensor(0.9605, device='cuda:0')",0.4490477442741394,0.5540457963943481,"[0.9645984768867493, 0.4354456663131714, 0.13378041982650757, 0.26236629486083984]","[0.9819687008857727, 0.6061075329780579, 0.23365020751953125, 0.39445674419403076]"
109,0.507864784342902,0.47746216919687057,"tensor(0.9598, device='cuda:0')",0.4670608639717102,0.5808106660842896,"[0.9632630944252014, 0.43600237369537354, 0.17409083247184753, 0.2948870360851288]","[0.9812757968902588, 0.6063566207885742, 0.2911904454231262, 0.44441965222358704]"
110,0.50265907900674,0.5034519698884752,"tensor(0.9607, device='cuda:0')",0.4470164179801941,0.554450273513794,"[0.965419590473175, 0.4295278489589691, 0.15772178769111633, 0.23539645969867706]","[0.982395589351654, 0.6004528403282166, 0.27020516991615295, 0.3647473454475403]"
111,0.5028391284602028,0.497066918346617,"tensor(0.9613, device='cuda:0')",0.4500458836555481,0.5593377351760864,"[0.9658523201942444, 0.4288468360900879, 0.14810019731521606, 0.25738421082496643]","[0.9826202392578125, 0.5995596051216125, 0.2549121379852295, 0.4002591371536255]"
112,0.48494079879352026,0.499451478322347,"tensor(0.9611, device='cuda:0')",0.45052796602249146,0.5571081638336182,"[0.964880108833313, 0.4276898205280304, 0.16961301863193512, 0.23992891609668732]","[0.9821128845214844, 0.5980345010757446, 0.2846437394618988, 0.36364150047302246]"
113,0.49390581931386673,0.48775283495585126,"tensor(0.9603, device='cuda:0')",0.4590227007865906,0.5710178017616272,"[0.9649348855018616, 0.4273729920387268, 0.15932108461856842, 0.2844618856906891]","[0.9821375012397766, 0.5981143116950989, 0.27057671546936035, 0.43324270844459534]"
114,0.508860113791057,0.4923591845565372,"tensor(0.9619, device='cuda:0')",0.456373929977417,0.5646839141845703,"[0.9657033085823059, 0.43874508142471313, 0.18999148905277252, 0.23105576634407043]","[0.9825447201728821, 0.609222948551178, 0.3135358691215515, 0.3534320294857025]"
115,0.4971187685217176,0.49469926953315735,"tensor(0.9609, device='cuda:0')",0.4567275941371918,0.5684233903884888,"[0.9657112956047058, 0.43083104491233826, 0.17732468247413635, 0.25304341316223145]","[0.9825412034988403, 0.6009162664413452, 0.29676130414009094, 0.39347487688064575]"
116,0.5004614761897496,0.4968938496377733,"tensor(0.9607, device='cuda:0')",0.45304161310195923,0.5609611868858337,"[0.9644445776939392, 0.4464772045612335, 0.1846625804901123, 0.21658208966255188]","[0.981887936592102, 0.6164329648017883, 0.3068780303001404, 0.33864572644233704]"
117,0.49890054294041225,0.5073321395450168,"tensor(0.9623, device='cuda:0')",0.4453184902667999,0.551503598690033,"[0.9664103388786316, 0.43608224391937256, 0.15003350377082825, 0.2287479043006897]","[0.9829046726226807, 0.6061962246894836, 0.25513699650764465, 0.3617766201496124]"
118,0.4855732125895364,0.49563782413800556,"tensor(0.9629, device='cuda:0')",0.45143818855285645,0.5583794713020325,"[0.9666324257850647, 0.4321405291557312, 0.14129477739334106, 0.26568496227264404]","[0.9830220341682434, 0.6028372049331665, 0.24373115599155426, 0.4039274752140045]"
119,0.4870631311620985,0.5102928512626224,"tensor(0.9612, device='cuda:0')",0.4444008767604828,0.5470913648605347,"[0.9652498364448547, 0.44605323672294617, 0.15752536058425903, 0.2087751030921936]","[0.9823034405708313, 0.6164695620536804, 0.26832103729248047, 0.32127127051353455]"
120,0.49075368898255484,0.48448370893796283,"tensor(0.9603, device='cuda:0')",0.46126794815063477,0.5748451948165894,"[0.965027928352356, 0.4407348930835724, 0.19069595634937286, 0.2486131191253662]","[0.9821895956993103, 0.6110317707061768, 0.31786495447158813, 0.38829439878463745]"
121,0.501016149350575,0.47741490602493286,"tensor(0.9600, device='cuda:0')",0.46891286969184875,0.5818772315979004,"[0.964671790599823, 0.4404657781124115, 0.16813896596431732, 0.3023749887943268]","[0.9820067286491394, 0.6100287437438965, 0.28392696380615234, 0.45154640078544617]"
122,0.500669698204313,0.49617395798365277,"tensor(0.9610, device='cuda:0')",0.4522685110569,0.5602667331695557,"[0.9651023149490356, 0.4284665584564209, 0.16891570389270782, 0.24658945202827454]","[0.9822295308113098, 0.5988680720329285, 0.2850426435470581, 0.37492653727531433]"
123,0.4834378583090646,0.4826207160949707,"tensor(0.9616, device='cuda:0')",0.46365293860435486,0.5764514207839966,"[0.9652405977249146, 0.43532973527908325, 0.19356729090213776, 0.2604740858078003]","[0.9823053479194641, 0.605658233165741, 0.3203947842121124, 0.39744722843170166]"
124,0.4942160206181662,0.4957297444343567,"tensor(0.9613, device='cuda:0')",0.452838659286499,0.5619277954101562,"[0.9648987650871277, 0.42285293340682983, 0.16610851883888245, 0.25749441981315613]","[0.9821188449859619, 0.5930012464523315, 0.2829981744289398, 0.3895929455757141]"
125,0.49177968672343664,0.4797350764274597,"tensor(0.9613, device='cuda:0')",0.468879759311676,0.5816949009895325,"[0.965697705745697, 0.4525309205055237, 0.18479792773723602, 0.27249249815940857]","[0.9825356602668762, 0.6223721504211426, 0.30952543020248413, 0.41234642267227173]"
126,0.4869952653135572,0.48095378279685974,"tensor(0.9617, device='cuda:0')",0.4609212875366211,0.5740665197372437,"[0.9663155674934387, 0.4465363919734955, 0.16998691856861115, 0.2608462870121002]","[0.9828581213951111, 0.616746723651886, 0.28799355030059814, 0.4086676239967346]"
127,0.48959747638021195,0.48431728614701164,"tensor(0.9634, device='cuda:0')",0.45975542068481445,0.5686745643615723,"[0.9669866561889648, 0.45181095600128174, 0.1664961278438568, 0.25372788310050964]","[0.9832079410552979, 0.6218269467353821, 0.2818308472633362, 0.3878324329853058]"
128,0.4915343761444092,0.48870620131492615,"tensor(0.9624, device='cuda:0')",0.45624783635139465,0.5691713690757751,"[0.9667009711265564, 0.4319199025630951, 0.1588955968618393, 0.267474889755249]","[0.9830583930015564, 0.6019411087036133, 0.27276840806007385, 0.4189174771308899]"
129,0.4837208994797298,0.4754124581813812,"tensor(0.9616, device='cuda:0')",0.46737098693847656,0.5812194347381592,"[0.9657555818557739, 0.44137755036354065, 0.17072762548923492, 0.29162317514419556]","[0.982564389705658, 0.6115842461585999, 0.2903701066970825, 0.4403589069843292]"
130,0.48475264736584256,0.4977986348999871,"tensor(0.9607, device='cuda:0')",0.451244980096817,0.5579190254211426,"[0.964616060256958, 0.4483300745487213, 0.15283294022083282, 0.2392009049654007]","[0.9819750189781189, 0.6181620359420776, 0.2620498538017273, 0.3694893419742584]"
131,0.48773507731301446,0.4930475453535716,"tensor(0.9617, device='cuda:0')",0.45505011081695557,0.5626465082168579,"[0.9652183651924133, 0.44378969073295593, 0.1671939641237259, 0.24399839341640472]","[0.9822901487350464, 0.6139010787010193, 0.283208966255188, 0.37118592858314514]"
132,0.48450208732060024,0.48206142915619743,"tensor(0.9628, device='cuda:0')",0.4618886709213257,0.5718100070953369,"[0.9666769504547119, 0.45185285806655884, 0.16246525943279266, 0.26655974984169006]","[0.9830469489097595, 0.6217928528785706, 0.2752927839756012, 0.40710756182670593]"
133,0.4760024692331042,0.48571207788255477,"tensor(0.9629, device='cuda:0')",0.45814019441604614,0.5679479241371155,"[0.9668394923210144, 0.4387896955013275, 0.19028115272521973, 0.23665039241313934]","[0.9831341505050659, 0.6093938946723938, 0.31310930848121643, 0.3661542236804962]"
134,0.48530157463891166,0.47669967346721226,"tensor(0.9625, device='cuda:0')",0.4670116901397705,0.580080509185791,"[0.9663661122322083, 0.4369862675666809, 0.1760411560535431, 0.28865325450897217]","[0.9828829169273376, 0.6073946952819824, 0.29490557312965393, 0.43513891100883484]"
135,0.4946570771081107,0.4803846975167592,"tensor(0.9608, device='cuda:0')",0.46467477083206177,0.577547013759613,"[0.964751660823822, 0.44415345788002014, 0.16050603985786438, 0.28928783535957336]","[0.9820438027381897, 0.6142831444740295, 0.2731882333755493, 0.44067293405532837]"
136,0.4807778630937849,0.4828869104385376,"tensor(0.9614, device='cuda:0')",0.4646584391593933,0.5753355622291565,"[0.9653752446174622, 0.4356367886066437, 0.1540612131357193, 0.30356040596961975]","[0.9823662638664246, 0.60532546043396, 0.2657143473625183, 0.44793611764907837]"
137,0.48752128737313405,0.49163563383950126,"tensor(0.9615, device='cuda:0')",0.4565863609313965,0.5661112666130066,"[0.9658628106117249, 0.4433022439479828, 0.17977043986320496, 0.23740993440151215]","[0.9826180338859558, 0.6139729619026184, 0.2992672324180603, 0.36858680844306946]"
138,0.4891072247709547,0.4716225696934594,"tensor(0.9620, device='cuda:0')",0.47192487120628357,0.5860695838928223,"[0.9658926725387573, 0.4410842955112457, 0.17221768200397491, 0.3085048794746399]","[0.9826357364654541, 0.6113621592521667, 0.2897154688835144, 0.4605650007724762]"
139,0.4855461393083845,0.48052363925509983,"tensor(0.9620, device='cuda:0')",0.46345919370651245,0.5745152235031128,"[0.9658603668212891, 0.44697391986846924, 0.17507021129131317, 0.2659323215484619]","[0.9826220273971558, 0.616870641708374, 0.292006254196167, 0.40656211972236633]"
140,0.48788246512413025,0.5005706879827712,"tensor(0.9608, device='cuda:0')",0.45040029287338257,0.5580003261566162,"[0.9651012420654297, 0.43308886885643005, 0.16492672264575958, 0.23848438262939453]","[0.9822307229042053, 0.6030235290527344, 0.27645525336265564, 0.3702918589115143]"
141,0.4780524092061179,0.4751390284962124,"tensor(0.9631, device='cuda:0')",0.46625491976737976,0.5803126096725464,"[0.9668957591056824, 0.4445836842060089, 0.1781601458787918, 0.27538007497787476]","[0.983160138130188, 0.6150408387184143, 0.29804155230522156, 0.42500776052474976]"
142,0.4809791173253741,0.4647679196463691,"tensor(0.9629, device='cuda:0')",0.4754764139652252,0.5902518033981323,"[0.96646648645401, 0.44842344522476196, 0.18607017397880554, 0.300945520401001]","[0.9829322099685669, 0.6177987456321716, 0.30907443165779114, 0.45120176672935486]"
143,0.49079952836036683,0.47426926758554244,"tensor(0.9628, device='cuda:0')",0.46657097339630127,0.5795634984970093,"[0.9665477871894836, 0.43844568729400635, 0.1792299598455429, 0.2820604741573334]","[0.9829800128936768, 0.6090617775917053, 0.3021085858345032, 0.42410358786582947]"
144,0.47779719829559325,0.49251245458920795,"tensor(0.9636, device='cuda:0')",0.4551122784614563,0.5622618198394775,"[0.967418909072876, 0.4506506323814392, 0.1388629674911499, 0.26351654529571533]","[0.9834297895431519, 0.6206424236297607, 0.2432325929403305, 0.4017423689365387]"
145,0.48583981990814207,0.48290307654274833,"tensor(0.9617, device='cuda:0')",0.4630674719810486,0.5744802355766296,"[0.9657554626464844, 0.4373866319656372, 0.1659768968820572, 0.2831508219242096]","[0.9825666546821594, 0.6080623269081116, 0.2811499834060669, 0.42614203691482544]"
146,0.48859371968678067,0.463325430949529,"tensor(0.9629, device='cuda:0')",0.4751700758934021,0.5911813974380493,"[0.9666884541511536, 0.4361511766910553, 0.1877259761095047, 0.31011468172073364]","[0.9830551147460938, 0.6070398092269897, 0.31348633766174316, 0.46114444732666016]"
147,0.4818972051143646,0.48810507191552055,"tensor(0.9625, device='cuda:0')",0.4585951566696167,0.5668341517448425,"[0.966231644153595, 0.4531695544719696, 0.17395634949207306, 0.24102313816547394]","[0.9828084111213684, 0.6231880187988281, 0.29240450263023376, 0.3689357340335846]"
148,0.4863218767302377,0.4850187665886349,"tensor(0.9587, device='cuda:0')",0.4647793769836426,0.5761080980300903,"[0.9631668925285339, 0.43309202790260315, 0.18871255218982697, 0.2741459608078003]","[0.9812250137329102, 0.6037759780883789, 0.3098129332065582, 0.40961843729019165]"
149,0.47746205500194006,0.4736527403195699,"tensor(0.9641, device='cuda:0')",0.4680270850658417,0.5820261836051941,"[0.9676618576049805, 0.44692596793174744, 0.16793277859687805, 0.28958770632743835]","[0.9835522174835205, 0.6172217130661011, 0.28542622923851013, 0.44190454483032227]"
150,0.48375355090413774,0.4833306637075212,"tensor(0.9633, device='cuda:0')",0.46339040994644165,0.5723462104797363,"[0.9668660759925842, 0.43883034586906433, 0.1642395257949829, 0.2836257517337799]","[0.9831424355506897, 0.6092497706413269, 0.2780423164367676, 0.41895022988319397]"
151,0.4798313958304269,0.4771759510040283,"tensor(0.9620, device='cuda:0')",0.46712276339530945,0.577768087387085,"[0.9651530385017395, 0.44630566239356995, 0.1610931009054184, 0.29593920707702637]","[0.9822595715522766, 0.6164138913154602, 0.27343809604644775, 0.4389609396457672]"
152,0.48490323509488786,0.4665264156129625,"tensor(0.9625, device='cuda:0')",0.47507444024086,0.5906448364257812,"[0.9654162526130676, 0.44966936111450195, 0.18191099166870117, 0.3033011853694916]","[0.9823890328407288, 0.6200044751167297, 0.3038697838783264, 0.456316202878952]"
153,0.4750785529613495,0.4878257115681966,"tensor(0.9614, device='cuda:0')",0.46351930499076843,0.5725442171096802,"[0.965758740901947, 0.4471357762813568, 0.1869245320558548, 0.2542582154273987]","[0.9825726747512817, 0.6174506545066833, 0.3085269331932068, 0.38162651658058167]"
154,0.4759688096387046,0.47485197914971244,"tensor(0.9634, device='cuda:0')",0.4674186110496521,0.5795674324035645,"[0.9669514894485474, 0.43121615052223206, 0.17386911809444427, 0.2976377010345459]","[0.9831916093826294, 0.6021340489387512, 0.2910498380661011, 0.44189420342445374]"
155,0.4731243865830558,0.491503722137875,"tensor(0.9614, device='cuda:0')",0.455696165561676,0.5649036169052124,"[0.9651458859443665, 0.439187228679657, 0.17158521711826324, 0.24686628580093384]","[0.9822485446929932, 0.6092787384986877, 0.2909250259399414, 0.37716224789619446]"
156,0.4739256731101445,0.4802442226145003,"tensor(0.9640, device='cuda:0')",0.46460390090942383,0.5763379335403442,"[0.9675664901733398, 0.43637529015541077, 0.16240441799163818, 0.2920694351196289]","[0.9835060238838196, 0.6072172522544861, 0.2756454050540924, 0.4389832019805908]"
157,0.48050083773476737,0.47869814766777885,"tensor(0.9631, device='cuda:0')",0.46461057662963867,0.576034426689148,"[0.9664512276649475, 0.45233508944511414, 0.1694219708442688, 0.2702341079711914]","[0.9829291105270386, 0.6225666403770447, 0.28730058670043945, 0.4113413989543915]"
158,0.47360569153513227,0.49146244260999894,"tensor(0.9612, device='cuda:0')",0.45880943536758423,0.567947268486023,"[0.9653146862983704, 0.43345513939857483, 0.15617059171199799, 0.28029724955558777]","[0.9823397397994995, 0.6038419008255005, 0.26779481768608093, 0.41781267523765564]"
159,0.48016248856272015,0.46516885691218907,"tensor(0.9629, device='cuda:0')",0.4748488664627075,0.5899434089660645,"[0.966126024723053, 0.4467243552207947, 0.17367203533649445, 0.31287309527397156]","[0.98276287317276, 0.616265058517456, 0.2940475642681122, 0.4666982889175415]"
160,0.4829527054514204,0.47811878389782375,"tensor(0.9629, device='cuda:0')",0.46656668186187744,0.5785256624221802,"[0.9666062593460083, 0.44271987676620483, 0.19666153192520142, 0.2602790892124176]","[0.9830110669136047, 0.6129450798034668, 0.3173377215862274, 0.4008086919784546]"
161,0.48863921165466306,0.4757219784789615,"tensor(0.9640, device='cuda:0')",0.4647856056690216,0.5781278014183044,"[0.9678978323936462, 0.43926697969436646, 0.1755714863538742, 0.2764061391353607]","[0.983672559261322, 0.6098173260688782, 0.29548636078834534, 0.42353492975234985]"
162,0.47263535176004684,0.48380528887112934,"tensor(0.9614, device='cuda:0')",0.4635319709777832,0.5748077034950256,"[0.965398371219635, 0.4461669921875, 0.1830613613128662, 0.25950127840042114]","[0.9823834300041199, 0.616082489490509, 0.30657997727394104, 0.39418497681617737]"
163,0.473947365794863,0.4831911391682095,"tensor(0.9603, device='cuda:0')",0.46421194076538086,0.5739960670471191,"[0.9648284912109375, 0.4366549551486969, 0.1488419622182846, 0.3065224289894104]","[0.9820890426635742, 0.6071971654891968, 0.25739288330078125, 0.4493052661418915]"
164,0.47952451280185154,0.4639015959368812,"tensor(0.9607, device='cuda:0')",0.4773801863193512,0.5956625938415527,"[0.9645460247993469, 0.43858757615089417, 0.18618176877498627, 0.32020533084869385]","[0.981939971446991, 0.6094587445259094, 0.31191644072532654, 0.479335218667984]"
165,0.4828447529247829,0.4636894894970788,"tensor(0.9634, device='cuda:0')",0.47600799798965454,0.591734766960144,"[0.966833233833313, 0.4456118047237396, 0.18132948875427246, 0.3102574944496155]","[0.9831270575523376, 0.6156503558158875, 0.30261141061782837, 0.4655502140522003]"
166,0.47483975631850106,0.4846712913778093,"tensor(0.9644, device='cuda:0')",0.46011239290237427,0.5677648186683655,"[0.9678567051887512, 0.44907820224761963, 0.18198588490486145, 0.24152864515781403]","[0.983654260635376, 0.618984580039978, 0.3001101315021515, 0.3683103621006012]"
167,0.482599937915802,0.48105833927790326,"tensor(0.9628, device='cuda:0')",0.46296530961990356,0.5735869407653809,"[0.96662437915802, 0.4445180892944336, 0.18373049795627594, 0.2569883465766907]","[0.9830161333084106, 0.6142885684967041, 0.3062862455844879, 0.39075666666030884]"
168,0.4780653945037297,0.4659334553612603,"tensor(0.9629, device='cuda:0')",0.4782194495201111,0.5932764410972595,"[0.9667845964431763, 0.44787952303886414, 0.181354358792305, 0.31685924530029297]","[0.9831048250198364, 0.6173526644706726, 0.3031352758407593, 0.46951308846473694]"
169,0.4853398169789995,0.47547632455825806,"tensor(0.9620, device='cuda:0')",0.46669137477874756,0.5815426111221313,"[0.9655486345291138, 0.4512656629085541, 0.18975256383419037, 0.26019853353500366]","[0.9824619293212891, 0.6214573383331299, 0.31625571846961975, 0.40599554777145386]"
170,0.4866643624646323,0.47436195611953735,"tensor(0.9624, device='cuda:0')",0.4715459942817688,0.5833312273025513,"[0.9661688208580017, 0.45995384454727173, 0.16779428720474243, 0.2922670543193817]","[0.9827843904495239, 0.6294205784797668, 0.2846237123012543, 0.4364960491657257]"
171,0.4905790916510991,0.473619990878635,"tensor(0.9627, device='cuda:0')",0.47230979800224304,0.5854465961456299,"[0.9663727879524231, 0.44671711325645447, 0.16707459092140198, 0.309074729681015]","[0.982883870601654, 0.6164723634719849, 0.28258252143859863, 0.4598475992679596]"
172,0.47930227518081664,0.48627737826771206,"tensor(0.9616, device='cuda:0')",0.45994141697883606,0.5720012784004211,"[0.9653632044792175, 0.4472241997718811, 0.17255070805549622, 0.2546275556087494]","[0.9823589324951172, 0.6170768737792969, 0.2910235524177551, 0.3975457549095154]"
173,0.47852147817611695,0.4919857846366035,"tensor(0.9612, device='cuda:0')",0.45493870973587036,0.5652082562446594,"[0.9650043845176697, 0.433927446603775, 0.17421242594718933, 0.24661053717136383]","[0.9821749925613403, 0.6044057011604309, 0.29300642013549805, 0.3812459111213684]"
174,0.48693174719810484,0.4840007954173618,"tensor(0.9623, device='cuda:0')",0.46091488003730774,0.5735499858856201,"[0.9668591618537903, 0.43950313329696655, 0.18102404475212097, 0.25627321004867554]","[0.9831439256668091, 0.6095811128616333, 0.3023746609687805, 0.3991002142429352]"
175,0.48129524503435406,0.4732084373633067,"tensor(0.9616, device='cuda:0')",0.46946853399276733,0.5827378034591675,"[0.9659249186515808, 0.4441167712211609, 0.1773679554462433, 0.29046452045440674]","[0.982650876045227, 0.6143839359283447, 0.29911473393440247, 0.43480172753334045]"
176,0.4803530250276838,0.4573948383331299,"tensor(0.9610, device='cuda:0')",0.48418745398521423,0.6018964052200317,"[0.9647879004478455, 0.45155054330825806, 0.2190503031015396, 0.301361083984375]","[0.9820660352706909, 0.6208782196044922, 0.3548354208469391, 0.44980588555336]"
177,0.48276690925870624,0.49390070637067157,"tensor(0.9617, device='cuda:0')",0.45749783515930176,0.5634021759033203,"[0.965392529964447, 0.45693302154541016, 0.13575290143489838, 0.2719128727912903]","[0.98238205909729, 0.6266751885414124, 0.23682446777820587, 0.407726913690567]"
178,0.47838391065597535,0.48164206080966526,"tensor(0.9623, device='cuda:0')",0.4638061225414276,0.5731939673423767,"[0.9660429358482361, 0.4515802562236786, 0.17650750279426575, 0.26109379529953003]","[0.9827144742012024, 0.6212978959083557, 0.2922396659851074, 0.3965238332748413]"
179,0.4986555227211544,0.48218436042467755,"tensor(0.9629, device='cuda:0')",0.46098339557647705,0.5722025036811829,"[0.9666431546211243, 0.44626203179359436, 0.18923386931419373, 0.2417944222688675]","[0.9830209016799927, 0.6168081760406494, 0.31426775455474854, 0.37471315264701843]"
180,0.47408642513411386,0.46563824348979527,"tensor(0.9627, device='cuda:0')",0.4737405776977539,0.5881170034408569,"[0.9656904339790344, 0.4458296000957489, 0.19272026419639587, 0.2907220125198364]","[0.9825342893600464, 0.6158953309059143, 0.3187097907066345, 0.4353283941745758]"
181,0.474963527066367,0.48616712623172337,"tensor(0.9629, device='cuda:0')",0.460774302482605,0.569519579410553,"[0.9665579199790955, 0.4513365924358368, 0.151377871632576, 0.27382493019104004]","[0.9829868674278259, 0.6205691695213318, 0.25821200013160706, 0.41631031036376953]"
182,0.4663086584636143,0.47822007205751205,"tensor(0.9621, device='cuda:0')",0.4694725275039673,0.5801589488983154,"[0.9658939838409424, 0.4487680494785309, 0.1944921910762787, 0.2687358856201172]","[0.9826398491859436, 0.6184709668159485, 0.31911855936050415, 0.40040650963783264]"
183,0.47603404181344167,0.4909707009792328,"tensor(0.9630, device='cuda:0')",0.4580199420452118,0.5664174556732178,"[0.9670690894126892, 0.4453907608985901, 0.1441042423248291, 0.27551567554473877]","[0.9832531809806824, 0.61543208360672, 0.25020545721054077, 0.4167789816856384]"
184,0.4745129091399057,0.4787403874927097,"tensor(0.9629, device='cuda:0')",0.46658629179000854,0.5769914388656616,"[0.9665217995643616, 0.4520703852176666, 0.16797006130218506, 0.27978289127349854]","[0.9829646348953247, 0.6219355463981628, 0.28347986936569214, 0.41958561539649963]"
185,0.48059661047799246,0.4745902584658729,"tensor(0.9633, device='cuda:0')",0.4687443971633911,0.5803328156471252,"[0.9667091369628906, 0.45069918036460876, 0.16142405569553375, 0.2961452603340149]","[0.9830560684204102, 0.6207953691482544, 0.2746540606021881, 0.44282570481300354]"
186,0.47912733554840087,0.49566475881470573,"tensor(0.9615, device='cuda:0')",0.4567433297634125,0.5641888380050659,"[0.9660630822181702, 0.45116934180259705, 0.17233005166053772, 0.23741084337234497]","[0.9827263951301575, 0.6208816766738892, 0.287675142288208, 0.3654719889163971]"
187,0.47370665328843253,0.4933089580800798,"tensor(0.9615, device='cuda:0')",0.45758193731307983,0.5655994415283203,"[0.9663500189781189, 0.4562343657016754, 0.1635945588350296, 0.2441488355398178]","[0.9828759431838989, 0.6256105303764343, 0.2776102125644684, 0.3763010799884796]"
188,0.484339770248958,0.4756716854042477,"tensor(0.9610, device='cuda:0')",0.47030994296073914,0.585756778717041,"[0.9651562571525574, 0.43671584129333496, 0.19550804793834686, 0.2838595509529114]","[0.9822567105293274, 0.6071365475654602, 0.32148584723472595, 0.43214789032936096]"
189,0.47211827635765075,0.48284375336435104,"tensor(0.9622, device='cuda:0')",0.46226397156715393,0.5727053880691528,"[0.9660080671310425, 0.4531838595867157, 0.17879649996757507, 0.25106745958328247]","[0.9826945066452026, 0.6228736042976379, 0.30036601424217224, 0.3848872184753418]"
190,0.482830045904432,0.4831826554404365,"tensor(0.9610, device='cuda:0')",0.4647538661956787,0.5774579048156738,"[0.965155303478241, 0.44251734018325806, 0.16806945204734802, 0.283273309469223]","[0.9822540283203125, 0.6130660176277161, 0.286883682012558, 0.4276280105113983]"
191,0.4832670756748744,0.468359543217553,"tensor(0.9627, device='cuda:0')",0.4740457534790039,0.5887060165405273,"[0.9660260081291199, 0.45081648230552673, 0.20162181556224823, 0.2777186930179596]","[0.9827061891555786, 0.6206100583076477, 0.33100855350494385, 0.4204992651939392]"
192,0.48253459419522965,0.49458376897705925,"tensor(0.9602, device='cuda:0')",0.4535542130470276,0.5638682842254639,"[0.9645392298698425, 0.43876075744628906, 0.15588520467281342, 0.255031555891037]","[0.9819352030754089, 0.6088463664054871, 0.2668130695819855, 0.39787861704826355]"
193,0.4862096769469125,0.48039435346921283,"tensor(0.9622, device='cuda:0')",0.46545132994651794,0.5772764086723328,"[0.9661750793457031, 0.45778757333755493, 0.18065997958183289, 0.2571827471256256]","[0.9827852249145508, 0.6275020241737366, 0.30463743209838867, 0.3941809833049774]"
194,0.4785362558705466,0.47224552432696026,"tensor(0.9641, device='cuda:0')",0.4676012098789215,0.5792579650878906,"[0.967311441898346, 0.4596864879131317, 0.2035786360502243, 0.23982827365398407]","[0.983373761177063, 0.6293459534645081, 0.33022254705429077, 0.3740895390510559]"
195,0.48685775569507056,0.4825384318828583,"tensor(0.9635, device='cuda:0')",0.4631977081298828,0.5724819302558899,"[0.9673183560371399, 0.4482676088809967, 0.18238112330436707, 0.2548237442970276]","[0.9833768010139465, 0.6184034943580627, 0.3030681610107422, 0.3850792646408081]"
196,0.47897857938494,0.4891911612616645,"tensor(0.9627, device='cuda:0')",0.4579679071903229,0.5658064484596252,"[0.9663768410682678, 0.448323518037796, 0.1813507080078125, 0.23582050204277039]","[0.9828879237174988, 0.6181257367134094, 0.30284619331359863, 0.35936594009399414]"
